IDUbigeo,Descripcion_Ubicacion_Geografica
1,AMAZONAS
101,CHACHAPOYAS
10101,CHACHAPOYAS
10102,ASUNCION
10103,BALSAS
10104,CHETO
10105,CHILIQUIN
10106,CHUQUIBAMBA
10107,GRANADA
10108,HUANCAS
10109,LA JALCA
10110,LEIMEBAMBA
10111,LEVANTO
10112,MAGDALENA
10113,MARISCAL CASTILLA
10114,MOLINOPAMPA
10115,MONTEVIDEO
10116,OLLEROS
10117,QUINJALCA
10118,SAN FRANCISCO DE DAGUAS
10119,SAN ISIDRO DE MAINO
10120,SOLOCO
10121,SONCHE
102,BAGUA
10201,LA PECA
10202,ARAMANGO
10203,COPALLIN
10204,EL PARCO
10205,IMAZA
103,BONGARA
10301,JUMBILLA
10302,CHISQUILLA
10303,CHURUJA
10304,COROSHA
10305,CUISPES
10306,FLORIDA
10307,JAZAN
10308,RECTA
10309,SAN CARLOS
10310,SHIPASBAMBA
10311,VALERA
10312,YAMBRASBAMBA
104,CONDORCANQUI
10401,NIEVA
10402,EL CENEPA
10403,RIO SANTIAGO
105,LUYA
10501,LAMUD
10502,CAMPORREDONDO
10503,COCABAMBA
10504,COLCAMAR
10505,CONILA
10506,INGUILPATA
10507,LONGUITA
10508,LONYA CHICO
10509,LUYA
10510,LUYA VIEJO
10511,MARIA
10512,OCALLI
10513,OCUMAL
10514,PISUQUIA
10515,PROVIDENCIA
10516,SAN CRISTOBAL
10517,SAN FRANCISCO DEL YESO
10518,SAN JERONIMO
10519,SAN JUAN DE LOPECANCHA
10520,SANTA CATALINA
10521,SANTO TOMAS
10522,TINGO
10523,TRITA
106,RODRIGUEZ DE MENDOZA
10601,SAN NICOLAS
10602,CHIRIMOTO
10603,COCHAMAL
10604,HUAMBO
10605,LIMABAMBA
10606,LONGAR
10607,MARISCAL BENAVIDES
10608,MILPUC
10609,OMIA
10610,SANTA ROSA
10611,TOTORA
10612,VISTA ALEGRE
107,UTCUBAMBA
10701,BAGUA GRANDE
10702,CAJARURO
10703,CUMBA
10704,EL MILAGRO
10705,JAMALCA
10706,LONYA GRANDE
10707,YAMON
2,ANCASH
201,HUARAZ
20101,HUARAZ
20102,COCHABAMBA
20103,COLCABAMBA
20104,HUANCHAY
20105,INDEPENDENCIA
20106,JANGAS
20107,LA LIBERTAD
20108,OLLEROS
20109,PAMPAS
20110,PARIACOTO
20111,PIRA
20112,TARICA
202,AIJA
20201,AIJA
20202,CORIS
20203,HUACLLAN
20204,LA MERCED
20205,SUCCHA
203,ANTONIO RAIMONDI
20301,LLAMELLIN
20302,ACZO
20303,CHACCHO
20304,CHINGAS
20305,MIRGAS
20306,SAN JUAN DE RONTOY
204,ASUNCION
20401,CHACAS
20402,ACOCHACA
205,BOLOGNESI
20501,CHIQUIAN
20502,ABELARDO PARDO LEZAMETA
20503,ANTONIO RAIMONDI
20504,AQUIA
20505,CAJACAY
20506,CANIS
20507,COLQUIOC
20508,HUALLANCA
20509,HUASTA
20510,HUAYLLACAYAN
20511,LA PRIMAVERA
20512,MANGAS
20513,PACLLON
20514,SAN MIGUEL DE CORPANQUI
20515,TICLLOS
206,CARHUAZ
20601,CARHUAZ
20602,ACOPAMPA
20603,AMASHCA
20604,ANTA
20605,ATAQUERO
20606,MARCARA
20607,PARIAHUANCA
20608,SAN MIGUEL DE ACO
20609,SHILLA
20610,TINCO
20611,YUNGAR
207,CARLOS FERMIN FITZCARRALD
20701,SAN LUIS
20702,SAN NICOLAS
20703,YAUYA
208,CASMA
20801,CASMA
20802,BUENA VISTA ALTA
20803,COMANDANTE NOEL
20804,YAUTAN
209,CORONGO
20901,CORONGO
20902,ACO
20903,BAMBAS
20904,CUSCA
20905,LA PAMPA
20906,YANAC
20907,YUPAN
210,HUARI
21001,HUARI
21002,ANRA
21003,CAJAY
21004,CHAVIN DE HUANTAR
21005,HUACACHI
21006,HUACCHIS
21007,HUACHIS
21008,HUANTAR
21009,MASIN
21010,PAUCAS
21011,PONTO
21012,RAHUAPAMPA
21013,RAPAYAN
21014,SAN MARCOS
21015,SAN PEDRO DE CHANA
21016,UCO
211,HUARMEY
21101,HUARMEY
21102,COCHAPETI
21103,CULEBRAS
21104,HUAYAN
21105,MALVAS
212,HUAYLAS
21201,CARAZ
21202,HUALLANCA
21203,HUATA
21204,HUAYLAS
21205,MATO
21206,PAMPAROMAS
21207,PUEBLO LIBRE
21208,SANTA CRUZ
21209,SANTO TORIBIO
21210,YURACMARCA
213,MARISCAL LUZURIAGA
21301,PISCOBAMBA
21302,CASCA
21303,ELEAZAR GUZMAN BARRON
21304,FIDEL OLIVAS ESCUDERO
21305,LLAMA
21306,LLUMPA
21307,LUCMA
21308,MUSGA
214,OCROS
21401,OCROS
21402,ACAS
21403,CAJAMARQUILLA
21404,CARHUAPAMPA
21405,COCHAS
21406,CONGAS
21407,LLIPA
21408,SAN CRISTOBAL DE RAJAN
21409,SAN PEDRO
21410,SANTIAGO DE CHILCAS
215,PALLASCA
21501,CABANA
21502,BOLOGNESI
21503,CONCHUCOS
21504,HUACASCHUQUE
21505,HUANDOVAL
21506,LACABAMBA
21507,LLAPO
21508,PALLASCA
21509,PAMPAS
21510,SANTA ROSA
21511,TAUCA
216,POMABAMBA
21601,POMABAMBA
21602,HUAYLLAN
21603,PAROBAMBA
21604,QUINUABAMBA
217,RECUAY
21701,RECUAY
21702,CATAC
21703,COTAPARACO
21704,HUAYLLAPAMPA
21705,LLACLLIN
21706,MARCA
21707,PAMPAS CHICO
21708,PARARIN
21709,TAPACOCHA
21710,TICAPAMPA
218,SANTA
21801,CHIMBOTE
21802,CACERES DEL PERU
21803,COISHCO
21804,MACATE
21805,MORO
21806,NEPEQA
21807,SAMANCO
21808,SANTA
21809,NUEVO CHIMBOTE
219,SIHUAS
21901,SIHUAS
21902,ACOBAMBA
21903,ALFONSO UGARTE
21904,CASHAPAMPA
21905,CHINGALPO
21906,HUAYLLABAMBA
21907,QUICHES
21908,RAGASH
21909,SAN JUAN
21910,SICSIBAMBA
220,YUNGAY
22001,YUNGAY
22002,CASCAPARA
22003,MANCOS
22004,MATACOTO
22005,QUILLO
22006,RANRAHIRCA
22007,SHUPLUY
22008,YANAMA
3,APURIMAC
301,ABANCAY
30101,ABANCAY
30102,CHACOCHE
30103,CIRCA
30104,CURAHUASI
30105,HUANIPACA
30106,LAMBRAMA
30107,PICHIRHUA
30108,SAN PEDRO DE CACHORA
30109,TAMBURCO
302,ANDAHUAYLAS
30201,ANDAHUAYLAS
30202,ANDARAPA
30203,CHIARA
30204,HUANCARAMA
30205,HUANCARAY
30206,HUAYANA
30207,KISHUARA
30208,PACOBAMBA
30209,PACUCHA
30210,PAMPACHIRI
30211,POMACOCHA
30212,SAN ANTONIO DE CACHI
30213,SAN JERONIMO
30214,SAN MIGUEL DE CHACCRAMPA
30215,SANTA MARIA DE CHICMO
30216,TALAVERA
30217,TUMAY HUARACA
30218,TURPO
30219,KAQUIABAMBA
303,ANTABAMBA
30301,ANTABAMBA
30302,EL ORO
30303,HUAQUIRCA
30304,JUAN ESPINOZA MEDRANO
30305,OROPESA
30306,PACHACONAS
30307,SABAINO
304,AYMARAES
30401,CHALHUANCA
30402,CAPAYA
30403,CARAYBAMBA
30404,CHAPIMARCA
30405,COLCABAMBA
30406,COTARUSE
30407,HUAYLLO
30408,JUSTO APU SAHUARAURA
30409,LUCRE
30410,POCOHUANCA
30411,SAN JUAN DE CHACQA
30412,SAQAYCA
30413,SORAYA
30414,TAPAIRIHUA
30415,TINTAY
30416,TORAYA
30417,YANACA
305,COTABAMBAS
30501,TAMBOBAMBA
30502,COTABAMBAS
30503,COYLLURQUI
30504,HAQUIRA
30505,MARA
30506,CHALLHUAHUACHO
306,CHINCHEROS
30601,CHINCHEROS
30602,ANCO-HUALLO
30603,COCHARCAS
30604,HUACCANA
30605,OCOBAMBA
30606,ONGOY
30607,URANMARCA
30608,RANRACANCHA
307,GRAU
30701,CHUQUIBAMBILLA
30702,CURPAHUASI
30703,GAMARRA
30704,HUAYLLATI
30705,MAMARA
30706,MICAELA BASTIDAS
30707,PATAYPAMPA
30708,PROGRESO
30709,SAN ANTONIO
30710,SANTA ROSA
30711,TURPAY
30712,VILCABAMBA
30713,VIRUNDO
30714,CURASCO
4,AREQUIPA
401,AREQUIPA
40101,AREQUIPA
40102,ALTO SELVA ALEGRE
40103,CAYMA
40104,CERRO COLORADO
40105,CHARACATO
40106,CHIGUATA
40107,JACOBO HUNTER
40108,LA JOYA
40109,MARIANO MELGAR
40110,MIRAFLORES
40111,MOLLEBAYA
40112,PAUCARPATA
40113,POCSI
40114,POLOBAYA
40115,QUEQUEQA
40116,SABANDIA
40117,SACHACA
40118,SAN JUAN DE SIGUAS
40119,SAN JUAN DE TARUCANI
40120,SANTA ISABEL DE SIGUAS
40121,SANTA RITA DE SIGUAS
40122,SOCABAYA
40123,TIABAYA
40124,UCHUMAYO
40125,VITOR
40126,YANAHUARA
40127,YARABAMBA
40128,YURA
40129,JOSE LUIS BUSTAMANTE Y RIVERO
402,CAMANA
40201,CAMANA
40202,JOSE MARIA QUIMPER
40203,MARIANO NICOLAS VALCARCEL
40204,MARISCAL CACERES
40205,NICOLAS DE PIEROLA
40206,OCOQA
40207,QUILCA
40208,SAMUEL PASTOR
403,CARAVELI
40301,CARAVELI
40302,ACARI
40303,ATICO
40304,ATIQUIPA
40305,BELLA UNION
40306,CAHUACHO
40307,CHALA
40308,CHAPARRA
40309,HUANUHUANU
40310,JAQUI
40311,LOMAS
40312,QUICACHA
40313,YAUCA
404,CASTILLA
40401,APLAO
40402,ANDAGUA
40403,AYO
40404,CHACHAS
40405,CHILCAYMARCA
40406,CHOCO
40407,HUANCARQUI
40408,MACHAGUAY
40409,ORCOPAMPA
40410,PAMPACOLCA
40411,TIPAN
40412,UQON
40413,URACA
40414,VIRACO
405,CAYLLOMA
40501,CHIVAY
40502,ACHOMA
40503,CABANACONDE
40504,CALLALLI
40505,CAYLLOMA
40506,COPORAQUE
40507,HUAMBO
40508,HUANCA
40509,ICHUPAMPA
40510,LARI
40511,LLUTA
40512,MACA
40513,MADRIGAL
40514,SAN ANTONIO DE CHUCA
40515,SIBAYO
40516,TAPAY
40517,TISCO
40518,TUTI
40519,YANQUE
406,CONDESUYOS
40601,CHUQUIBAMBA
40602,ANDARAY
40603,CAYARANI
40604,CHICHAS
40605,IRAY
40606,RIO GRANDE
40607,SALAMANCA
40608,YANAQUIHUA
407,ISLAY
40701,MOLLENDO
40702,COCACHACRA
40703,DEAN VALDIVIA
40704,ISLAY
40705,MEJIA
40706,PUNTA DE BOMBON
408,LA UNION
40801,COTAHUASI
40802,ALCA
40803,CHARCANA
40804,HUAYNACOTAS
40805,PAMPAMARCA
40806,PUYCA
40807,QUECHUALLA
40808,SAYLA
40809,TAURIA
40810,TOMEPAMPA
40811,TORO
5,AYACUCHO
501,HUAMANGA
50101,AYACUCHO
50102,ACOCRO
50103,ACOS VINCHOS
50104,CARMEN ALTO
50105,CHIARA
50106,OCROS
50107,PACAYCASA
50108,QUINUA
50109,SAN JOSE DE TICLLAS
50110,SAN JUAN BAUTISTA
50111,SANTIAGO DE PISCHA
50112,SOCOS
50113,TAMBILLO
50114,VINCHOS
502,CANGALLO
50201,CANGALLO
50202,CHUSCHI
50203,LOS MOROCHUCOS
50204,MARIA PARADO DE BELLIDO
50205,PARAS
50206,TOTOS
503,HUANCA SANCOS
50301,SANCOS
50302,CARAPO
50303,SACSAMARCA
50304,SANTIAGO DE LUCANAMARCA
504,HUANTA
50401,HUANTA
50402,AYAHUANCO
50403,HUAMANGUILLA
50404,IGUAIN
50405,LURICOCHA
50406,SANTILLANA
50407,SIVIA
505,LA MAR
50501,SAN MIGUEL
50502,ANCO
50503,AYNA
50504,CHILCAS
50505,CHUNGUI
50506,LUIS CARRANZA
50507,TAMBO
50508,SANTA ROSA
506,LUCANAS
50601,PUQUIO
50602,AUCARA
50603,CABANA
50604,CARMEN SALCEDO
50605,CHAVIQA
50606,CHIPAO
50607,HUAC-HUAS
50608,LARAMATE
50609,LEONCIO PRADO
50610,LLAUTA
50611,LUCANAS
50612,OCAQA
50613,OTOCA
50614,SAISA
50615,SAN CRISTOBAL
50616,SAN JUAN
50617,SAN PEDRO
50618,SAN PEDRO DE PALCO
50619,SANCOS
50620,SANTA ANA DE HUAYCAHUACHO
50621,SANTA LUCIA
507,PARINACOCHAS
50701,CORACORA
50702,CHUMPI
50703,CORONEL CASTAQEDA
50704,PACAPAUSA
50705,PULLO
50706,PUYUSCA
50707,SAN FRANCISCO DE RAVACAYCO
50708,UPAHUACHO
508,PAUCAR DEL SARA SARA
50801,PAUSA
50802,COLTA
50803,CORCULLA
50804,LAMPA
50805,MARCABAMBA
50806,OYOLO
50807,PARARCA
50808,SAN JAVIER DE ALPABAMBA
50809,SAN JOSE DE USHUA
50810,SARA SARA
509,SUCRE
50901,QUEROBAMBA
50902,BELEN
50903,CHALCOS
50904,CHILCAYOC
50905,HUACAQA
50906,MORCOLLA
50907,PAICO
50908,SAN PEDRO DE LARCAY
50909,SAN SALVADOR DE QUIJE
50910,SANTIAGO DE PAUCARAY
50911,SORAS
510,VICTOR FAJARDO
51001,HUANCAPI
51002,ALCAMENCA
51003,APONGO
51004,ASQUIPATA
51005,CANARIA
51006,CAYARA
51007,COLCA
51008,HUAMANQUIQUIA
51009,HUANCARAYLLA
51010,HUAYA
51011,SARHUA
51012,VILCANCHOS
511,VILCAS HUAMAN
51101,VILCAS HUAMAN
51102,ACCOMARCA
51103,CARHUANCA
51104,CONCEPCION
51105,HUAMBALPA
51106,INDEPENDENCIA
51107,SAURAMA
51108,VISCHONGO
6,CAJAMARCA
601,CAJAMARCA
60101,CAJAMARCA
60102,ASUNCION
60103,CHETILLA
60104,COSPAN
60105,ENCAQADA
60106,JESUS
60107,LLACANORA
60108,LOS BAQOS DEL INCA
60109,MAGDALENA
60110,MATARA
60111,NAMORA
60112,SAN JUAN
602,CAJABAMBA
60201,CAJABAMBA
60202,CACHACHI
60203,CONDEBAMBA
60204,SITACOCHA
603,CELENDIN
60301,CELENDIN
60302,CHUMUCH
60303,CORTEGANA
60304,HUASMIN
60305,JORGE CHAVEZ
60306,JOSE GALVEZ
60307,MIGUEL IGLESIAS
60308,OXAMARCA
60309,SOROCHUCO
60310,SUCRE
60311,UTCO
60312,LA LIBERTAD DE PALLAN
604,CHOTA
60401,CHOTA
60402,ANGUIA
60403,CHADIN
60404,CHIGUIRIP
60405,CHIMBAN
60407,COCHABAMBA
60408,CONCHAN
60409,HUAMBOS
60410,LAJAS
60411,LLAMA
60412,MIRACOSTA
60413,PACCHA
60414,PION
60415,QUEROCOTO
60416,SAN JUAN DE LICUPIS
60417,TACABAMBA
60418,TOCMOCHE
60419,CHALAMARCA
605,CONTUMAZA
60501,CONTUMAZA
60502,CHILETE
60503,CUPISNIQUE
60504,GUZMANGO
60505,SAN BENITO
60506,SANTA CRUZ DE TOLED
60507,TANTARICA
60508,YONAN
606,CUTERVO
60601,CUTERVO
60602,CALLAYUC
60603,CHOROS
60604,CUJILLO
60605,LA RAMADA
60606,PIMPINGOS
60607,QUEROCOTILLO
60608,SAN ANDRES DE CUTERVO
60609,SAN JUAN DE CUTERVO
60610,SAN LUIS DE LUCMA
60611,SANTA CRUZ
60612,SANTO DOMINGO DE LA CAPILLA
60613,SANTO TOMAS
60614,SOCOTA
60615,TORIBIO CASANOVA
607,HUALGAYOC
60701,BAMBAMARCA
60702,CHUGUR
60703,HUALGAYOC
608,JAEN
60801,JAEN
60802,BELLAVISTA
60803,CHONTALI
60804,COLASAY
60805,HUABAL
60806,LAS PIRIAS
60807,POMAHUACA
60808,PUCARA
60809,SALLIQUE
60810,SAN FELIPE
60811,SAN JOSE DEL ALTO
60812,SANTA ROSA
609,SAN IGNACIO
60901,SAN IGNACIO
60902,CHIRINOS
60903,HUARANGO
60904,LA COIPA
60905,NAMBALLE
60906,SAN JOSE DE LOURDES
60907,TABACONAS
610,SAN MARCOS
61001,PEDRO GALVEZ
61002,CHANCAY
61003,EDUARDO VILLANUEVA
61004,GREGORIO PITA
61005,ICHOCAN
61006,JOSE MANUEL QUIROZ
61007,JOSE SABOGAL
611,SAN MIGUEL
61101,SAN MIGUEL
61102,BOLIVAR
61103,CALQUIS
61104,CATILLUC
61105,EL PRADO
61106,LA FLORIDA
61107,LLAPA
61108,NANCHOC
61109,NIEPOS
61110,SAN GREGORIO
61111,SAN SILVESTRE DE COCHAN
61112,TONGOD
61113,UNION AGUA BLANCA
612,SAN PABLO
61201,SAN PABLO
61202,SAN BERNARDINO
61203,SAN LUIS
61204,TUMBADEN
613,SANTA CRUZ
61301,SANTA CRUZ
61302,ANDABAMBA
61303,CATACHE
61304,CHANCAYBAQOS
61305,LA ESPERANZA
61306,NINABAMBA
61307,PULAN
61308,SAUCEPAMPA
61309,SEXI
61310,UTICYACU
61311,YAUYUCAN
701,CALLAO
70101,CALLAO
70102,BELLAVISTA
70103,CARMEN DE LA LEGUA REYNOSO
70104,LA PERLA
70105,LA PUNTA
70106,VENTANILLA
8,CUSCO
801,CUSCO
80101,CUSCO
80102,CCORCA
80103,POROY
80104,SAN JERONIMO
80105,SAN SEBASTIAN
80106,SANTIAGO
80107,SAYLLA
80108,WANCHAQ
802,ACOMAYO
80201,ACOMAYO
80202,ACOPIA
80203,ACOS
80204,MOSOC LLACTA
80205,POMACANCHI
80206,RONDOCAN
80207,SANGARARA
803,ANTA
80301,ANTA
80302,ANCAHUASI
80303,CACHIMAYO
80304,CHINCHAYPUJIO
80305,HUAROCONDO
80306,LIMATAMBO
80307,MOLLEPATA
80308,PUCYURA
80309,ZURITE
804,CALCA
80401,CALCA
80402,COYA
80403,LAMAY
80404,LARES
80405,PISAC
80406,SAN SALVADOR
80407,TARAY
80408,YANATILE
805,CANAS
80501,YANAOCA
80502,CHECCA
80503,KUNTURKANKI
80504,LANGUI
80505,LAYO
80506,PAMPAMARCA
80507,QUEHUE
80508,TUPAC AMARU
806,CANCHIS
80601,SICUANI
80602,CHECACUPE
80603,COMBAPATA
80604,MARANGANI
80605,PITUMARCA
80606,SAN PABLO
80607,SAN PEDRO
80608,TINTA
807,CHUMBIVILCAS
80701,SANTO TOMAS
80702,CAPACMARCA
80703,CHAMACA
80704,COLQUEMARCA
80705,LIVITACA
80706,LLUSCO
80707,QUIQOTA
80708,VELILLE
808,ESPINAR
80801,ESPINAR
80802,CONDOROMA
80803,COPORAQUE
80804,OCORURO
80805,PALLPATA
80806,PICHIGUA
80807,SUYCKUTAMBO
80808,ALTO PICHIGUA
809,LA CONVENCION
80901,SANTA ANA
80902,ECHARATE
80903,HUAYOPATA
80904,MARANURA
80905,OCOBAMBA
80906,QUELLOUNO
80907,KIMBIRI
80908,SANTA TERESA
80909,VILCABAMBA
80910,PICHARI
810,PARURO
81001,PARURO
81002,ACCHA
81003,CCAPI
81004,COLCHA
81005,HUANOQUITE
81006,OMACHA
81007,PACCARITAMBO
81008,PILLPINTO
81009,YAURISQUE
811,PAUCARTAMBO
81101,PAUCARTAMBO
81102,CAICAY
81103,CHALLABAMBA
81104,COLQUEPATA
81105,HUANCARANI
81106,KOSQIPATA
812,QUISPICANCHI
81201,URCOS
81202,ANDAHUAYLILLAS
81203,CAMANTI
81204,CCARHUAYO
81205,CCATCA
81206,CUSIPATA
81207,HUARO
81208,LUCRE
81209,MARCAPATA
81210,OCONGATE
81211,OROPESA
81212,QUIQUIJANA
813,URUBAMBA
81301,URUBAMBA
81302,CHINCHERO
81303,HUAYLLABAMBA
81304,MACHUPICCHU
81305,MARAS
81306,OLLANTAYTAMBO
81307,YUCAY
9,HUANCAVELICA
901,HUANCAVELICA
90101,HUANCAVELICA
90102,ACOBAMBILLA
90103,ACORIA
90104,CONAYCA
90105,CUENCA
90106,HUACHOCOLPA
90107,HUAYLLAHUARA
90108,IZCUCHACA
90109,LARIA
90110,MANTA
90111,MARISCAL CACERES
90112,MOYA
90113,NUEVO OCCORO
90114,PALCA
90115,PILCHACA
90116,VILCA
90117,YAULI
902,ACOBAMBA
90201,ACOBAMBA
90202,ANDABAMBA
90203,ANTA
90204,CAJA
90205,MARCAS
90206,PAUCARA
90207,POMACOCHA
90208,ROSARIO
903,ANGARAES
90301,LIRCAY
90302,ANCHONGA
90303,CALLANMARCA
90304,CCOCHACCASA
90305,CHINCHO
90306,CONGALLA
90307,HUANCA-HUANCA
90308,HUAYLLAY GRANDE
90309,JULCAMARCA
90310,SAN ANTONIO DE ANTAPARCO
90311,SANTO TOMAS DE PATA
90312,SECCLLA
904,CASTROVIRREYNA
90401,CASTROVIRREYNA
90402,ARMA
90403,AURAHUA
90404,CAPILLAS
90405,CHUPAMARCA
90406,COCAS
90407,HUACHOS
90408,HUAMATAMBO
90409,MOLLEPAMPA
90410,SAN JUAN
90411,SANTA ANA
90412,TANTARA
90413,TICRAPO
905,CHURCAMPA
90501,CHURCAMPA
90502,ANCO
90503,CHINCHIHUASI
90504,EL CARMEN
90505,LA MERCED
90506,LACROJA
90507,PAUCARBAMBA
90508,SAN MIGUEL DE MAYOCC
90509,SAN PEDRO DE CORIS
90510,PACHAMARCA
906,HUAYTARA
90601,HUAYTARA
90602,AYAVI
90603,CORDOVA
90604,HUAYACUNDO ARMA
90605,LARAMARCA
90606,OCOYO
90607,PILPICHACA
90608,QUERCO
90609,QUITO-ARMA
90610,SAN ANTONIO DE CUSICANCHA
90611,SAN FRANCISCO DE SANGAYAICO
90612,SAN ISIDRO
90613,SANTIAGO DE CHOCORVOS
90614,SANTIAGO DE QUIRAHUARA
90615,SANTO DOMINGO DE CAPILLAS
90616,TAMBO
907,TAYACAJA
90701,PAMPAS
90702,ACOSTAMBO
90703,ACRAQUIA
90704,AHUAYCHA
90705,COLCABAMBA
90706,DANIEL HERNANDEZ
90707,HUACHOCOLPA
90708,HUANDO
90709,HUARIBAMBA
90710,QAHUIMPUQUIO
90711,PAZOS
90713,QUISHUAR
90714,SALCABAMBA
90715,SALCAHUASI
90716,SAN MARCOS DE ROCCHAC
90717,SURCUBAMBA
90718,TINTAY PUNCU
10,HUANUCO
1001,HUANUCO
100101,HUANUCO
100102,AMARILIS
100103,CHINCHAO
100104,CHURUBAMBA
100105,MARGOS
100106,QUISQUI
100107,SAN FRANCISCO DE CAYRAN
100108,SAN PEDRO DE CHAULAN
100109,SANTA MARIA DEL VALLE
100110,YARUMAYO
1002,AMBO
100201,AMBO
100202,CAYNA
100203,COLPAS
100204,CONCHAMARCA
100205,HUACAR
100206,SAN FRANCISCO
100207,SAN RAFAEL
100208,TOMAY KICHWA
1003,DOS DE MAYO
100301,LA UNION
100307,CHUQUIS
100311,MARIAS
100313,PACHAS
100316,QUIVILLA
100317,RIPAN
100321,SHUNQUI
100322,SILLAPATA
100323,YANAS
1004,HUACAYBAMBA
100401,HUACAYBAMBA
100402,CANCHABAMBA
100403,COCHABAMBA
100404,PINRA
1005,HUAMALIES
100501,LLATA
100502,ARANCAY
100503,CHAVIN DE PARIARCA
100504,JACAS GRANDE
100505,JIRCAN
100506,MIRAFLORES
100507,MONZON
100508,PUNCHAO
100509,PUQOS
100510,SINGA
100511,TANTAMAYO
1006,LEONCIO PRADO
100601,RUPA-RUPA
100602,DANIEL ALOMIA ROBLES
100603,HERMILIO VALDIZAN
100604,JOSE CRESPO Y CASTILLO
100605,LUYANDO
100606,MARIANO DAMASO BERAUN
1007,MARAQON
100701,HUACRACHUCO
100702,CHOLON
100703,SAN BUENAVENTURA
1008,PACHITEA
100801,PANAO
100802,CHAGLLA
100803,MOLINO
100804,UMARI
1009,PUERTO INCA
100901,PUERTO INCA
100902,CODO DEL POZUZO
100903,HONORIA
100904,TOURNAVISTA
100905,YUYAPICHIS
1010,LAURICOCHA
101001,JESUS
101002,BAQOS
101003,JIVIA
101004,QUEROPALCA
101005,RONDOS
101006,SAN FRANCISCO DE ASIS
101007,SAN MIGUEL DE CAURI
1011,YAROWILCA
101101,CHAVINILLO
101102,CAHUAC
101103,CHACABAMBA
101104,CHUPAN
101105,JACAS CHICO
101106,OBAS
101107,PAMPAMARCA
11,ICA
1101,ICA
110101,ICA
110102,LA TINGUIQA
110103,LOS AQUIJES
110104,OCUCAJE
110105,PACHACUTEC
110106,PARCONA
110107,PUEBLO NUEVO
110108,SALAS
110109,SAN JOSE DE LOS MOLINOS
110110,SAN JUAN BAUTISTA
110111,SANTIAGO
110112,SUBTANJALLA
110113,TATE
110114,YAUCA DEL ROSARIO
1102,CHINCHA
110201,CHINCHA ALTA
110202,ALTO LARAN
110203,CHAVIN
110204,CHINCHA BAJA
110205,EL CARMEN
110206,GROCIO PRADO
110207,PUEBLO NUEVO
110208,SAN JUAN DE YANAC
110209,SAN PEDRO DE HUACARPANA
110210,SUNAMPE
110211,TAMBO DE MORA
1103,NAZCA
110301,NAZCA
110302,CHANGUILLO
110303,EL INGENIO
110304,MARCONA
110305,VISTA ALEGRE
1104,PALPA
110401,PALPA
110402,LLIPATA
110403,RIO GRANDE
110404,SANTA CRUZ
110405,TIBILLO
1105,PISCO
110501,PISCO
110502,HUANCANO
110503,HUMAY
110504,INDEPENDENCIA
110505,PARACAS
110506,SAN ANDRES
110507,SAN CLEMENTE
110508,TUPAC AMARU INCA
12,JUNIN
1201,HUANCAYO
120101,HUANCAYO
120104,CARHUACALLANGA
120105,CHACAPAMPA
120106,CHICCHE
120107,CHILCA
120108,CHONGOS ALTO
120111,CHUPURO
120112,COLCA
120113,CULLHUAS
120114,EL TAMBO
120116,HUACRAPUQUIO
120117,HUALHUAS
120119,HUANCAN
120120,HUASICANCHA
120121,HUAYUCACHI
120122,INGENIO
120124,PARIAHUANCA
120125,PILCOMAYO
120126,PUCARA
120127,QUICHUAY
120128,QUILCAS
120129,SAN AGUSTIN
120130,SAN JERONIMO DE TUNAN
120132,SAQO
120133,SAPALLANGA
120134,SICAYA
120135,SANTO DOMINGO DE ACOBAMBA
120136,VIQUES
1202,CONCEPCION
120201,CONCEPCION
120202,ACO
120203,ANDAMARCA
120204,CHAMBARA
120205,COCHAS
120206,COMAS
120207,HEROINAS TOLEDO
120208,MANZANARES
120209,MARISCAL CASTILLA
120210,MATAHUASI
120211,MITO
120212,NUEVE DE JULIO
120213,ORCOTUNA
120214,SAN JOSE DE QUERO
120215,SANTA ROSA DE OCOPA
1203,CHANCHAMAYO
120301,CHANCHAMAYO
120302,PERENE
120303,PICHANAQUI
120304,SAN LUIS DE SHAURO
120305,SAN RAMON
120306,VITOC
1204,JAUJA
120401,JAUJA
120402,ACOLLA
120403,APATA
120404,ATAURA
120405,CANCHAYLLO
120406,CURICACA
120407,EL MANTARO
120408,HUAMALI
120409,HUARIPAMPA
120410,HUERTAS
120411,JANJAILLO
120412,JULCAN
120413,LEONOR ORDOQEZ
120414,LLOCLLAPAMPA
120415,MARCO
120416,MASMA
120417,MASMA CHICCHE
120418,MOLINOS
120419,MONOBAMBA
120420,MUQUI
120421,MUQUIYAUYO
120422,PACA
120423,PACCHA
120424,PANCAN
120425,PARCO
120426,POMACANCHA
120427,RICRAN
120428,SAN LORENZO
120429,SAN PEDRO DE CHUNAN
120430,SAUSA
120431,SINCOS
120432,TUNAN MARCA
120433,YAULI
120434,YAUYOS
1205,JUNIN
120501,JUNIN
120502,CARHUAMAYO
120503,ONDORES
120504,ULCUMAYO
1206,SATIPO
120601,SATIPO
120602,COVIRIALI
120603,LLAYLLA
120604,MAZAMARI
120605,PAMPA HERMOSA
120606,PANGOA
120607,RIO NEGRO
120608,RIO TAMBO
1207,TARMA
120701,TARMA
120702,ACOBAMBA
120703,HUARICOLCA
120704,HUASAHUASI
120705,LA UNION
120706,PALCA
120707,PALCAMAYO
120708,SAN PEDRO DE CAJAS
120709,TAPO
1208,YAULI
120801,LA OROYA
120802,CHACAPALPA
120803,HUAY-HUAY
120804,MARCAPOMACOCHA
120805,MOROCOCHA
120806,PACCHA
120807,SANTA BARBARA DE CARHUACAYAN
120808,SANTA ROSA DE SACCO
120809,SUITUCANCHA
120810,YAULI
1209,CHUPACA
120901,CHUPACA
120902,AHUAC
120903,CHONGOS BAJO
120904,HUACHAC
120905,HUAMANCACA CHICO
120906,SAN JUAN DE YSCOS
120907,SAN JUAN DE JARPA
120908,3 DE DICIEMBRE
120909,YANACANCHA
13,LA LIBERTAD
1301,TRUJILLO
130101, TRUJILLO
130102, EL PORVENIR
130103, FLORENCIA DE MORA
130104, HUANCHACO
130105, LA ESPERANZA
130106, LAREDO
130107, MOCHE
130108, POROTO
130109, SALAVERRY
130110, SIMBAL
130111, VICTOR LARCO HERRERA
1302,ASCOPE
130201,ASCOPE
130202,CHICAMA
130203,CHOCOPE
130204,MAGDALENA DE CAO
130205,PAIJAN
130206,RAZURI
130207,SANTIAGO DE CAO
130208,CASA GRANDE
1303,BOLIVAR
130301,BOLIVAR
130302,BAMBAMARCA
130303,CONDORMARCA
130304,LONGOTEA
130305,UCHUMARCA
130306,UCUNCHA
1304,CHEPEN
130401,CHEPEN
130402,PACANGA
130403,PUEBLO NUEVO
1305,JULCAN
130501,JULCAN
130502,CALAMARCA
130503,CARABAMBA
130504,HUASO
1306,OTUZCO
130601,OTUZCO
130602,AGALLPAMPA
130604,CHARAT
130605,HUARANCHAL
130606,LA CUESTA
130608,MACHE
130610,PARANDAY
130611,SALPO
130613,SINSICAP
130614,USQUIL
1307,PACASMAYO
130701,SAN PEDRO DE LLOC
130702,GUADALUPE
130703,JEQUETEPEQUE
130704,PACASMAYO
130705,SAN JOSE
1308,PATAZ
130801,TAYABAMBA
130802,BULDIBUYO
130803,CHILLIA
130804,HUANCASPATA
130805,HUAYLILLAS
130806,HUAYO
130807,ONGON
130808,PARCOY
130809,PATAZ
130810,PIAS
130811,SANTIAGO DE CHALLAS
130812,TAURIJA
130813,URPAY
1309,SANCHEZ CARRION
130901,HUAMACHUCO
130902,CHUGAY
130903,COCHORCO
130904,CURGOS
130905,MARCABAL
130906,SANAGORAN
130907,SARIN
130908,SARTIMBAMBA
1310,SANTIAGO DE CHUCO
131001,SANTIAGO DE CHUCO
131002,ANGASMARCA
131003,CACHICADAN
131004,MOLLEBAMBA
131005,MOLLEPATA
131006,QUIRUVILCA
131007,SANTA CRUZ DE CHUCA
131008,SITABAMBA
1311,GRAN CHIMU
131101,CASCAS
131102,LUCMA
131103,MARMOT
131104,SAYAPULLO
1312,VIRU
131201, VIRU
131202,CHAO
131203,GUADALUPITO
14,LAMBAYEQUE
1401,CHICLAYO
140101,CHICLAYO
140102,CHONGOYAPE
140103,ETEN
140104,ETEN PUERTO
140105,JOSE LEONARDO ORTIZ
140106,LA VICTORIA
140107,LAGUNAS
140108,MONSEFU
140109,NUEVA ARICA
140110,OYOTUN
140111,PICSI
140112,PIMENTEL
140113,REQUE
140114,SANTA ROSA
140115,SAQA
140116,CAYALTI
140117,PATAPO
140118,POMALCA
140119,PUCALA
140120,TUMAN
1402,FERREQAFE
140201,FERREQAFE
140202,CAQARIS
140203,INCAHUASI
140204,MANUEL ANTONIO MESONES MURO
140205,PITIPO
140206,PUEBLO NUEVO
1403,LAMBAYEQUE
140301,LAMBAYEQUE
140302,CHOCHOPE
140303,ILLIMO
140304,JAYANCA
140305,MOCHUMI
140306,MORROPE
140307,MOTUPE
140308,OLMOS
140309,PACORA
140310,SALAS
140311,SAN JOSE
140312,TUCUME
15,LIMA
1501,LIMA
150101,LIMA
150102,ANCON
150103,ATE
150104,BARRANCO
150105,BREQA
150106,CARABAYLLO
150107,CHACLACAYO
150108,CHORRILLOS
150109,CIENEGUILLA
150110,COMAS
150111,EL AGUSTINO
150112,INDEPENDENCIA
150113,JESUS MARIA
150114,LA MOLINA
150115,LA VICTORIA
150116,LINCE
150117,LOS OLIVOS
150118,LURIGANCHO
150119,LURIN
150120,MAGDALENA DEL MAR
150121,PUEBLO LIBRE
150122,MIRAFLORES
150123,PACHACAMAC
150124,PUCUSANA
150125,PUENTE PIEDRA
150126,PUNTA HERMOSA
150127,PUNTA NEGRA
150128,RIMAC
150129,SAN BARTOLO
150130,SAN BORJA
150131,SAN ISIDRO
150132,SAN JUAN DE LURIGANCHO
150133,SAN JUAN DE MIRAFLORES
150134,SAN LUIS
150135,SAN MARTIN DE PORRES
150136,SAN MIGUEL
150137,SANTA ANITA
150138,SANTA MARIA DEL MAR
150139,SANTA ROSA
150140,SANTIAGO DE SURCO
150141,SURQUILLO
150142,VILLA EL SALVADOR
150143,VILLA MARIA DEL TRIUNFO
1502,BARRANCA
150201,BARRANCA
150202,PARAMONGA
150203,PATIVILCA
150204,SUPE
150205,SUPE PUERTO
1503,CAJATAMBO
150301,CAJATAMBO
150302,COPA
150303,GORGOR
150304,HUANCAPON
150305,MANAS
1504,CANTA
150401,CANTA
150402,ARAHUAY
150403,HUAMANTANGA
150404,HUAROS
150405,LACHAQUI
150406,SAN BUENAVENTURA
150407,SANTA ROSA DE QUIVES
1505,CAQETE
150501,SAN VICENTE DE CAQETE
150502,ASIA
150503,CALANGO
150504,CERRO AZUL
150505,CHILCA
150506,COAYLLO
150507,IMPERIAL
150508,LUNAHUANA
150509,MALA
150510,NUEVO IMPERIAL
150511,PACARAN
150512,QUILMANA
150513,SAN ANTONIO
150514,SAN LUIS
150515,SANTA CRUZ DE FLORES
150516,ZUQIGA
1506,HUARAL
150601,HUARAL
150602,ATAVILLOS ALTO
150603,ATAVILLOS BAJO
150604,AUCALLAMA
150605,CHANCAY
150606,IHUARI
150607,LAMPIAN
150608,PACARAOS
150609,SAN MIGUEL DE ACOS
150610,SANTA CRUZ DE ANDAMARCA
150611,SUMBILCA
150612,VEINTISIETE DE NOVIEMBRE
1507,HUAROCHIRI
150701,MATUCANA
150702,ANTIOQUIA
150703,CALLAHUANCA
150704,CARAMPOMA
150705,CHICLA
150706,CUENCA
150707,HUACHUPAMPA
150708,HUANZA
150709,HUAROCHIRI
150710,LAHUAYTAMBO
150711,LANGA
150712,LARAOS
150713,MARIATANA
150714,RICARDO PALMA
150715,SAN ANDRES DE TUPICOCHA
150716,SAN ANTONIO
150717,SAN BARTOLOME
150718,SAN DAMIAN
150719,SAN JUAN DE IRIS
150720,SAN JUAN DE TANTARANCHE
150721,SAN LORENZO DE QUINTI
150722,SAN MATEO
150723,SAN MATEO DE OTAO
150724,SAN PEDRO DE CASTA
150725,SAN PEDRO DE HUANCAYRE
150726,SANGALLAYA
150727,SANTA CRUZ DE COCACHACRA
150728,SANTA EULALIA
150729,SANTIAGO DE ANCHUCAYA
150730,SANTIAGO DE TUNA
150731,SANTO DOMINGO DE LOS OLLEROS
150732,SURCO
1508,HUAURA
150801,HUACHO
150802,AMBAR
150803,CALETA DE CARQUIN
150804,CHECRAS
150805,HUALMAY
150806,HUAURA
150807,LEONCIO PRADO
150808,PACCHO
150809,SANTA LEONOR
150810,SANTA MARIA
150811,SAYAN
150812,VEGUETA
1509,OYON
150901,OYON
150902,ANDAJES
150903,CAUJUL
150904,COCHAMARCA
150905,NAVAN
150906,PACHANGARA
1510,YAUYOS
151001,YAUYOS
151002,ALIS
151003,AYAUCA
151004,AYAVIRI
151005,AZANGARO
151006,CACRA
151007,CARANIA
151008,CATAHUASI
151009,CHOCOS
151010,COCHAS
151011,COLONIA
151012,HONGOS
151013,HUAMPARA
151014,HUANCAYA
151015,HUANGASCAR
151016,HUANTAN
151017,HUAQEC
151018,LARAOS
151019,LINCHA
151020,MADEAN
151021,MIRAFLORES
151022,OMAS
151023,PUTINZA
151024,QUINCHES
151025,QUINOCAY
151026,SAN JOAQUIN
151027,SAN PEDRO DE PILAS
151028,TANTA
151029,TAURIPAMPA
151030,TOMAS
151031,TUPE
151032,VIQAC
151033,VITIS
16,L O R E T O
1601,MAYNAS
160101,IQUITOS
160102,ALTO NANAY
160103,FERNANDO LORES
160104,INDIANA
160105,LAS AMAZONAS
160106,MAZAN
160107,NAPO
160108,PUNCHANA
160109,PUTUMAYO
160110,TORRES CAUSANA
160111,YAQUERANA
1602,ALTO AMAZONAS
160201,YURIMAGUAS
160202,BALSAPUERTO
160203,BARRANCA
160204,CAHUAPANAS
160205,JEBEROS
160206,LAGUNAS
160207,MANSERICHE
160208,MORONA
160209,PASTAZA
160210,SANTA CRUZ
160211,TENIENTE CESAR LOPEZ ROJAS
1603,LORETO
160301,NAUTA
160302,PARINARI
160303,TIGRE
160304,TROMPETEROS
160305,URARINAS
1604,MARISCAL RAMON CASTILLA
160401,RAMON CASTILLA
160402,PEBAS
160403,YAVARI
160404,SAN PABLO
1605,REQUENA
160501,REQUENA
160502,ALTO TAPICHE
160503,CAPELO
160504,EMILIO SAN MARTIN
160505,MAQUIA
160506,PUINAHUA
160507,SAQUENA
160508,SOPLIN
160509,TAPICHE
160510,JENARO HERRERA
1606,UCAYALI
160601,CONTAMANA
160602,INAHUAYA
160603,PADRE MARQUEZ
160604,PAMPA  HERMOSA
160605,SARAYACU
160606,VARGAS GUERRA
17,MADRE DE DIOS
1701,TAMBOPATA
170101,TAMBOPATA
170102,INAMBARI
170103,LAS PIEDRAS
170104,LABERINTO
1702,MANU
170201,MANU
170202,FITZCARRALD
170203,MADRE DE DIOS
1703,TAHUAMANU
170301,IQAPARI
170302,IBERIA
170303,TAHUAMANU
18,MOQUEGUA
1801,MARISCAL NIETO
180101,MOQUEGUA
180102,CARUMAS
180103,CUCHUMBAYA
180104,SAMEGUA
180105,SAN CRISTOBAL
180106,TORATA
1802,GENERAL SANCHEZ CERRO
180201,OMATE
180202,CHOJATA
180203,COALAQUE
180204,ICHUQA
180205,LA CAPILLA
180206,LLOQUE
180207,MATALAQUE
180208,PUQUINA
180209,QUINISTAQUILLAS
180210,UBINAS
180211,YUNGA
1803,ILO
180301,ILO
180302,EL ALGARROBAL
180303,PACOCHA
19,PASCO
1901,PASCO
190101,CHAUPIMARCA
190102,HUACHON
190103,HUARIACA
190104,HUAYLLAY
190105,NINACACA
190106,PALLANCHACRA
190107,PAUCARTAMBO
190108,SAN FRANCISCO DE ASIS DE YARUSYACAN
190109,SIMON BOLIVAR
190110,TICLACAYAN
190111,TINYAHUARCO
190112,VICCO
190113,YANACANCHA
1902,DANIEL CARRION
190201,YANAHUANCA
190202,CHACAYAN
190203,GOYLLARISQUIZGA
190204,PAUCAR
190205,SAN PEDRO DE PILLAO
190206,SANTA ANA DE TUSI
190207,TAPUC
190208,VILCABAMBA
1903,OXAPAMPA
190301,OXAPAMPA
190302,CHONTABAMBA
190303,HUANCABAMBA
190304,PALCAZU
190305,POZUZO
190306,PUERTO BERMUDEZ
190307,VILLA RICA
20,PIURA
2001,PIURA
200101,PIURA
200104,CASTILLA
200105,CATACAOS
200107,CURA MORI
200108,EL TALLAN
200109,LA ARENA
200110,LA UNION
200111,LAS LOMAS
200114,TAMBO GRANDE
2002,AYABACA
200201,AYABACA
200202,FRIAS
200203,JILILI
200204,LAGUNAS
200205,MONTERO
200206,PACAIPAMPA
200207,PAIMAS
200208,SAPILLICA
200209,SICCHEZ
200210,SUYO
2003,HUANCABAMBA
200301,HUANCABAMBA
200302,CANCHAQUE
200303,EL CARMEN DE LA FRONTERA
200304,HUARMACA
200305,LALAQUIZ
200306,SAN MIGUEL DE EL FAIQUE
200307,SONDOR
200308,SONDORILLO
2004,MORROPON
200401,CHULUCANAS
200402,BUENOS AIRES
200403,CHALACO
200404,LA MATANZA
200405,MORROPON
200406,SALITRAL
200407,SAN JUAN DE BIGOTE
200408,SANTA CATALINA DE MOSSA
200409,SANTO DOMINGO
200410,YAMANGO
2005,PAITA
200501,PAITA
200502,AMOTAPE
200503,ARENAL
200504,COLAN
200505,LA HUACA
200506,TAMARINDO
200507,VICHAYAL
2006,SULLANA
200601,SULLANA
200602,BELLAVISTA
200603,IGNACIO ESCUDERO
200604,LANCONES
200605,MARCAVELICA
200606,MIGUEL CHECA
200607,QUERECOTILLO
200608,SALITRAL
2007,TALARA
200701,PARIQAS
200702,EL ALTO
200703,LA BREA
200704,LOBITOS
200705,LOS ORGANOS
200706,MANCORA
2008,SECHURA
200801,SECHURA
200802,BELLAVISTA DE LA UNION
200803,BERNAL
200804,CRISTO NOS VALGA
200805,VICE
200806,RINCONADA LLICUAR
21,PUNO
2101,PUNO
210101,PUNO
210102,ACORA
210103,AMANTANI
210104,ATUNCOLLA
210105,CAPACHICA
210106,CHUCUITO
210107,COATA
210108,HUATA
210109,MAQAZO
210110,PAUCARCOLLA
210111,PICHACANI
210112,PLATERIA
210113,SAN ANTONIO
210114,TIQUILLACA
210115,VILQUE
2102,AZANGARO
210201,AZANGARO
210202,ACHAYA
210203,ARAPA
210204,ASILLO
210205,CAMINACA
210206,CHUPA
210207,JOSE DOMINGO CHOQUEHUANCA
210208,MUQANI
210209,POTONI
210210,SAMAN
210211,SAN ANTON
210212,SAN JOSE
210213,SAN JUAN DE SALINAS
210214,SANTIAGO DE PUPUJA
210215,TIRAPATA
2103,CARABAYA
210301,MACUSANI
210302,AJOYANI
210303,AYAPATA
210304,COASA
210305,CORANI
210306,CRUCERO
210307,ITUATA
210308,OLLACHEA
210309,SAN GABAN
210310,USICAYOS
2104,CHUCUITO
210401,JULI
210402,DESAGUADERO
210403,HUACULLANI
210404,KELLUYO
210405,PISACOMA
210406,POMATA
210407,ZEPITA
2105,EL COLLAO
210501,ILAVE
210502,CAPAZO
210503,PILCUYO
210504,SANTA ROSA
210506,CONDURIRI
2106,HUANCANE
210601,HUANCANE
210602,COJATA
210603,HUATASANI
210604,INCHUPALLA
210605,PUSI
210606,ROSASPATA
210607,TARACO
210608,VILQUE CHICO
2107,LAMPA
210701,LAMPA
210702,CABANILLA
210703,CALAPUJA
210704,NICASIO
210705,OCUVIRI
210706,PALCA
210707,PARATIA
210708,PUCARA
210709,SANTA LUCIA
210710,VILAVILA
2108,MELGAR
210801,AYAVIRI
210802,ANTAUTA
210803,CUPI
210804,LLALI
210805,MACARI
210806,NUQOA
210807,ORURILLO
210808,SANTA ROSA
210809,UMACHIRI
2109,MOHO
210901,MOHO
210902,CONINA
210903,HUAYRAPATA
210904,TILALI
2110,SAN ANTONIO DE PUTINA
211001,PUTINA
211002,ANANEA
211003,PEDRO VILCA APAZA
211004,QUILCAPUNCU
211005,SINA
2111,SAN ROMAN
211101,JULIACA
211102,CABANA
211103,CABANILLAS
211104,CARACOTO
2112,SANDIA
211201,SANDIA
211202,CUYOCUYO
211203,LIMBANI
211204,PATAMBUCO
211205,PHARA
211206,QUIACA
211207,SAN JUAN DEL ORO
211208,YANAHUAYA
211209,ALTO INAMBARI
2113,YUNGUYO
211301,YUNGUYO
211302,ANAPIA
211303,COPANI
211304,CUTURAPI
211305,OLLARAYA
211306,TINICACHI
211307,UNICACHI
22,SAN MARTIN
2201,MOYOBAMBA
220101, MOYOBAMBA
220102, CALZADA
220103, HABANA
220104, JEPELACIO
220105, SORITOR
220106, YANTALO
2202,BELLAVISTA
220201,BELLAVISTA
220202,ALTO BIAVO
220203,BAJO BIAVO
220204,HUALLAGA
220205,SAN PABLO
220206,SAN RAFAEL
2203,EL DORADO
220301,SAN JOSE DE SISA
220302,AGUA BLANCA
220303,SAN MARTIN
220304,SANTA ROSA
220305,SHATOJA
2204,HUALLAGA
220401,SAPOSOA
220402,ALTO SAPOSOA
220403,EL ESLABON
220404,PISCOYACU
220405,SACANCHE
220406,TINGO DE SAPOSOA
2205,LAMAS
220501,LAMAS
220502,ALONSO DE ALVARADO
220503,BARRANQUITA
220504,CAYNARACHI
220505,CUQUMBUQUI
220506,PINTO RECODO
220507,RUMISAPA
220508,SAN ROQUE DE CUMBAZA
220509,SHANAO
220510,TABALOSOS
220511,ZAPATERO
2206,MARISCAL CACERES
220601,JUANJUI
220602,CAMPANILLA
220603,HUICUNGO
220604,PACHIZA
220605,PAJARILLO
2207,PICOTA
220701,PICOTA
220702,BUENOS AIRES
220703,CASPISAPA
220704,PILLUANA
220705,PUCACACA
220706,SAN CRISTOBAL
220707,SAN HILARION
220708,SHAMBUYACU  (SHAMBOYACU)
220709,TINGO DE PONASA
220710,TRES UNIDOS
2208,RIOJA
220801,RIOJA
220802,AWAJUN
220803,ELIAS SOPLIN VARGAS
220804,NUEVA CAJAMARCA
220805,PARDO MIGUEL
220806,POSIC
220807,SAN FERNANDO
220808,YORONGOS
220809,YURACYACU
2209,SAN MARTIN
220901,TARAPOTO
220902,ALBERTO LEVEAU
220903,CACATACHI
220904,CHAZUTA
220905,CHIPURANA
220906,EL PORVENIR
220907,HUIMBAYOC
220908,JUAN GUERRA
220909,LA BANDA DE SHILCAYO
220910,MORALES
220911,PAPAPLAYA
220912,SAN ANTONIO
220913,SAUCE
220914,SHAPAJA
2210,TOCACHE
221001, TOCACHE
221002, NUEVO PROGRESO
221003, POLVORA
221004, SHUNTE
221005, UCHIZA
23,TACNA
2301,TACNA
230101,TACNA
230102,ALTO DE LA ALIANZA
230103,CALANA
230104,CIUDAD NUEVA
230105,INCLAN
230106,PACHIA
230107,PALCA
230108,POCOLLAY
230109,SAMA
2302,CANDARAVE
230201,CANDARAVE
230202,CAIRANI
230203,CAMILACA
230204,CURIBAYA
230205,HUANUARA
230206,QUILAHUANI
2303,JORGE BASADRE
230301,LOCUMBA
230302,ILABAYA
230303,ITE
2304,TARATA
230401,TARATA
230402,CHUCATAMANI
230403,ESTIQUE
230404,ESTIQUE-PAMPA
230405,SITAJARA
230406,SUSAPAYA
230407,TARUCACHI
230408,TICACO
24,TUMBES
2401,TUMBES
240101,TUMBES
240102,CORRALES
240103,LA CRUZ
240104,PAMPAS DE HOSPITAL
240105,SAN JACINTO
240106,SAN JUAN DE LA VIRGEN
2402,CONTRALMIRANTE VILLAR
240201,ZORRITOS
240202,CASITAS
2403,ZARUMILLA
240301,ZARUMILLA
240302,AGUAS VERDES
240303,MATAPALO
240304,PAPAYAL
25,UCAYALI
2501,CORONEL PORTILLO
250101,CALLARIA
250102,CAMPO VERDE
250103,IPARIA
250104,MASISEA
250105,YARINACOCHA
250106,NUEVA REQUENA
2502,ATALAYA
250201,RAIMONDI
250202,SEPAHUA
250203,TAHUANIA
250204,YURUA
2503,PADRE ABAD
250301,PADRE ABAD
250302,IRAZOLA
250303,CURIMANA
2504,PURUS
250401,PURUS
999999,NO APLICABLE
